PRAGMA foreign_keys=OFF;
BEGIN TRANSACTION;
CREATE TABLE IF NOT EXISTS "django_migrations" ("id" integer NOT NULL PRIMARY KEY AUTOINCREMENT, "app" varchar(255) NOT NULL, "name" varchar(255) NOT NULL, "applied" datetime NOT NULL);
INSERT INTO django_migrations VALUES(1,'contenttypes','0001_initial','2019-04-20 19:45:22.351687');
INSERT INTO django_migrations VALUES(2,'contenttypes','0002_remove_content_type_name','2019-04-20 19:45:22.410301');
INSERT INTO django_migrations VALUES(3,'auth','0001_initial','2019-04-20 19:45:22.461794');
INSERT INTO django_migrations VALUES(4,'auth','0002_alter_permission_name_max_length','2019-04-20 19:45:22.497340');
INSERT INTO django_migrations VALUES(5,'auth','0003_alter_user_email_max_length','2019-04-20 19:45:22.519037');
INSERT INTO django_migrations VALUES(6,'auth','0004_alter_user_username_opts','2019-04-20 19:45:22.543660');
INSERT INTO django_migrations VALUES(7,'auth','0005_alter_user_last_login_null','2019-04-20 19:45:22.561150');
INSERT INTO django_migrations VALUES(8,'auth','0006_require_contenttypes_0002','2019-04-20 19:45:22.584186');
INSERT INTO django_migrations VALUES(9,'auth','0007_alter_validators_add_error_messages','2019-04-20 19:45:22.610457');
INSERT INTO django_migrations VALUES(10,'auth','0008_alter_user_username_max_length','2019-04-20 19:45:22.632301');
INSERT INTO django_migrations VALUES(11,'auth','0009_alter_user_last_name_max_length','2019-04-20 19:45:22.663956');
INSERT INTO django_migrations VALUES(12,'login','0001_initial','2019-04-20 19:45:22.746338');
INSERT INTO django_migrations VALUES(13,'admin','0001_initial','2019-04-20 19:45:22.807226');
INSERT INTO django_migrations VALUES(14,'admin','0002_logentry_remove_auto_add','2019-04-20 19:45:22.835593');
INSERT INTO django_migrations VALUES(15,'admin','0003_logentry_add_action_flag_choices','2019-04-20 19:45:22.860751');
INSERT INTO django_migrations VALUES(16,'sessions','0001_initial','2019-04-20 19:45:22.887113');
INSERT INTO django_migrations VALUES(17,'login','0002_level','2019-04-28 04:34:38.334545');
INSERT INTO django_migrations VALUES(18,'login','0002_auto_20190428_0442','2019-04-28 04:42:44.033172');
INSERT INTO django_migrations VALUES(19,'login','0003_auto_20190428_0522','2019-04-28 05:23:01.137474');
INSERT INTO django_migrations VALUES(20,'login','0004_auto_20190428_0540','2019-04-28 05:40:27.006657');
INSERT INTO django_migrations VALUES(21,'login','0005_auto_20190428_0603','2019-04-28 06:03:47.180487');
INSERT INTO django_migrations VALUES(22,'login','0002_class_time_day','2019-04-28 06:07:35.674543');
INSERT INTO django_migrations VALUES(23,'login','0002_auto_20190428_0620','2019-04-28 06:20:47.016197');
INSERT INTO django_migrations VALUES(24,'polls','0001_initial','2019-04-28 21:55:47.194340');
INSERT INTO django_migrations VALUES(25,'login','0002_auto_20190429_0030','2019-04-29 00:31:17.977918');
INSERT INTO django_migrations VALUES(26,'login','0003_auto_20190429_0031','2019-04-29 00:31:17.985805');
INSERT INTO django_migrations VALUES(27,'login','0004_auto_20190429_0038','2019-04-29 00:38:16.718588');
INSERT INTO django_migrations VALUES(28,'auth','0010_alter_group_name_max_length','2019-04-29 01:49:33.980805');
INSERT INTO django_migrations VALUES(29,'auth','0011_update_proxy_permissions','2019-04-29 01:49:34.015981');
INSERT INTO django_migrations VALUES(30,'login','0002_auto_20190503_0018','2019-05-03 00:18:43.594462');
INSERT INTO django_migrations VALUES(31,'admin','0004_auto_20190503_0156','2019-05-03 01:56:19.937845');
INSERT INTO django_migrations VALUES(32,'login','0003_auto_20190503_0620','2019-05-03 06:20:53.384464');
INSERT INTO django_migrations VALUES(33,'login','0004_class_description','2019-05-03 07:57:57.350703');
INSERT INTO django_migrations VALUES(34,'login','0002_auto_20190504_2107','2019-05-04 21:07:53.596320');
CREATE TABLE IF NOT EXISTS "django_content_type" ("id" integer NOT NULL PRIMARY KEY AUTOINCREMENT, "app_label" varchar(100) NOT NULL, "model" varchar(100) NOT NULL);
INSERT INTO django_content_type VALUES(1,'polls','question');
INSERT INTO django_content_type VALUES(2,'polls','choice');
INSERT INTO django_content_type VALUES(3,'polls','test');
INSERT INTO django_content_type VALUES(4,'login','user');
INSERT INTO django_content_type VALUES(5,'login','class');
INSERT INTO django_content_type VALUES(6,'login','membership');
INSERT INTO django_content_type VALUES(7,'login','member');
INSERT INTO django_content_type VALUES(8,'login','staff');
INSERT INTO django_content_type VALUES(9,'admin','logentry');
INSERT INTO django_content_type VALUES(10,'auth','permission');
INSERT INTO django_content_type VALUES(11,'auth','group');
INSERT INTO django_content_type VALUES(12,'contenttypes','contenttype');
INSERT INTO django_content_type VALUES(13,'sessions','session');
INSERT INTO django_content_type VALUES(14,'login','level');
INSERT INTO django_content_type VALUES(15,'login','memberlevel');
INSERT INTO django_content_type VALUES(16,'profile','question');
INSERT INTO django_content_type VALUES(17,'profile','choice');
INSERT INTO django_content_type VALUES(18,'profile','test');
CREATE TABLE IF NOT EXISTS "auth_group_permissions" ("id" integer NOT NULL PRIMARY KEY AUTOINCREMENT, "group_id" integer NOT NULL REFERENCES "auth_group" ("id") DEFERRABLE INITIALLY DEFERRED, "permission_id" integer NOT NULL REFERENCES "auth_permission" ("id") DEFERRABLE INITIALLY DEFERRED);
CREATE TABLE IF NOT EXISTS "auth_permission" ("id" integer NOT NULL PRIMARY KEY AUTOINCREMENT, "content_type_id" integer NOT NULL REFERENCES "django_content_type" ("id") DEFERRABLE INITIALLY DEFERRED, "codename" varchar(100) NOT NULL, "name" varchar(255) NOT NULL);
INSERT INTO auth_permission VALUES(1,1,'add_question','Can add question');
INSERT INTO auth_permission VALUES(2,1,'change_question','Can change question');
INSERT INTO auth_permission VALUES(3,1,'delete_question','Can delete question');
INSERT INTO auth_permission VALUES(4,1,'view_question','Can view question');
INSERT INTO auth_permission VALUES(5,2,'add_choice','Can add choice');
INSERT INTO auth_permission VALUES(6,2,'change_choice','Can change choice');
INSERT INTO auth_permission VALUES(7,2,'delete_choice','Can delete choice');
INSERT INTO auth_permission VALUES(8,2,'view_choice','Can view choice');
INSERT INTO auth_permission VALUES(9,3,'add_test','Can add test');
INSERT INTO auth_permission VALUES(10,3,'change_test','Can change test');
INSERT INTO auth_permission VALUES(11,3,'delete_test','Can delete test');
INSERT INTO auth_permission VALUES(12,3,'view_test','Can view test');
INSERT INTO auth_permission VALUES(13,4,'add_user','Can add user');
INSERT INTO auth_permission VALUES(14,4,'change_user','Can change user');
INSERT INTO auth_permission VALUES(15,4,'delete_user','Can delete user');
INSERT INTO auth_permission VALUES(16,4,'view_user','Can view user');
INSERT INTO auth_permission VALUES(17,5,'add_class','Can add class');
INSERT INTO auth_permission VALUES(18,5,'change_class','Can change class');
INSERT INTO auth_permission VALUES(19,5,'delete_class','Can delete class');
INSERT INTO auth_permission VALUES(20,5,'view_class','Can view class');
INSERT INTO auth_permission VALUES(21,6,'add_membership','Can add membership');
INSERT INTO auth_permission VALUES(22,6,'change_membership','Can change membership');
INSERT INTO auth_permission VALUES(23,6,'delete_membership','Can delete membership');
INSERT INTO auth_permission VALUES(24,6,'view_membership','Can view membership');
INSERT INTO auth_permission VALUES(25,7,'add_member','Can add member');
INSERT INTO auth_permission VALUES(26,7,'change_member','Can change member');
INSERT INTO auth_permission VALUES(27,7,'delete_member','Can delete member');
INSERT INTO auth_permission VALUES(28,7,'view_member','Can view member');
INSERT INTO auth_permission VALUES(29,8,'add_staff','Can add staff');
INSERT INTO auth_permission VALUES(30,8,'change_staff','Can change staff');
INSERT INTO auth_permission VALUES(31,8,'delete_staff','Can delete staff');
INSERT INTO auth_permission VALUES(32,8,'view_staff','Can view staff');
INSERT INTO auth_permission VALUES(33,9,'add_logentry','Can add log entry');
INSERT INTO auth_permission VALUES(34,9,'change_logentry','Can change log entry');
INSERT INTO auth_permission VALUES(35,9,'delete_logentry','Can delete log entry');
INSERT INTO auth_permission VALUES(36,9,'view_logentry','Can view log entry');
INSERT INTO auth_permission VALUES(37,10,'add_permission','Can add permission');
INSERT INTO auth_permission VALUES(38,10,'change_permission','Can change permission');
INSERT INTO auth_permission VALUES(39,10,'delete_permission','Can delete permission');
INSERT INTO auth_permission VALUES(40,10,'view_permission','Can view permission');
INSERT INTO auth_permission VALUES(41,11,'add_group','Can add group');
INSERT INTO auth_permission VALUES(42,11,'change_group','Can change group');
INSERT INTO auth_permission VALUES(43,11,'delete_group','Can delete group');
INSERT INTO auth_permission VALUES(44,11,'view_group','Can view group');
INSERT INTO auth_permission VALUES(45,12,'add_contenttype','Can add content type');
INSERT INTO auth_permission VALUES(46,12,'change_contenttype','Can change content type');
INSERT INTO auth_permission VALUES(47,12,'delete_contenttype','Can delete content type');
INSERT INTO auth_permission VALUES(48,12,'view_contenttype','Can view content type');
INSERT INTO auth_permission VALUES(49,13,'add_session','Can add session');
INSERT INTO auth_permission VALUES(50,13,'change_session','Can change session');
INSERT INTO auth_permission VALUES(51,13,'delete_session','Can delete session');
INSERT INTO auth_permission VALUES(52,13,'view_session','Can view session');
INSERT INTO auth_permission VALUES(53,14,'add_level','Can add level');
INSERT INTO auth_permission VALUES(54,14,'change_level','Can change level');
INSERT INTO auth_permission VALUES(55,14,'delete_level','Can delete level');
INSERT INTO auth_permission VALUES(56,15,'add_memberlevel','Can add member level');
INSERT INTO auth_permission VALUES(57,15,'change_memberlevel','Can change member level');
INSERT INTO auth_permission VALUES(58,15,'delete_memberlevel','Can delete member level');
INSERT INTO auth_permission VALUES(59,16,'add_question','Can add question');
INSERT INTO auth_permission VALUES(60,16,'change_question','Can change question');
INSERT INTO auth_permission VALUES(61,16,'delete_question','Can delete question');
INSERT INTO auth_permission VALUES(62,17,'add_choice','Can add choice');
INSERT INTO auth_permission VALUES(63,17,'change_choice','Can change choice');
INSERT INTO auth_permission VALUES(64,17,'delete_choice','Can delete choice');
INSERT INTO auth_permission VALUES(65,18,'add_test','Can add test');
INSERT INTO auth_permission VALUES(66,18,'change_test','Can change test');
INSERT INTO auth_permission VALUES(67,18,'delete_test','Can delete test');
INSERT INTO auth_permission VALUES(68,15,'view_memberlevel','Can view member level');
CREATE TABLE IF NOT EXISTS "login_user" ("id" integer NOT NULL PRIMARY KEY AUTOINCREMENT, "password" varchar(128) NOT NULL, "last_login" datetime NULL, "is_superuser" bool NOT NULL, "username" varchar(150) NOT NULL UNIQUE, "first_name" varchar(30) NOT NULL, "last_name" varchar(150) NOT NULL, "email" varchar(254) NOT NULL, "is_staff" bool NOT NULL, "is_active" bool NOT NULL, "date_joined" datetime NOT NULL, "is_student" bool NOT NULL, "is_teacher" bool NOT NULL);
INSERT INTO login_user VALUES(1,'pbkdf2_sha256$100000$3lwn347k9bSg$RtG26HKqYOQH6wMTXByFNhqANdj4a6EvovDZWJWZI7M=','2019-05-04 22:00:37.966466',1,'gentsk77','','','gentsk77@gmail.com',1,1,'2019-04-28 22:33:27.740464',0,0);
INSERT INTO login_user VALUES(3,'',NULL,0,'Melody','','','',0,1,'2019-04-28 23:04:06.310683',1,0);
INSERT INTO login_user VALUES(4,'pbkdf2_sha256$150000$Ng2TJ7GgcdYM$Ye2rDU9TLhl/1E9WYWuQmhdFoenqHadV2vthtTucn/o=','2019-05-01 01:23:41.326366',1,'melodyli','','','yxl1632@case.edu',1,1,'2019-04-29 01:49:21.320426',0,0);
INSERT INTO login_user VALUES(5,'43997k7k','2019-04-30 00:35:50',0,'luojh2014','Huahua','Luo','luojh2014@gmail.com',0,1,'2019-04-30 00:35:34',1,0);
INSERT INTO login_user VALUES(6,'pbkdf2_sha256$150000$kjcZ6xYbSGZO$NHOs91OV067WbjWJzJHPK3wHd3tfj8gokrcHm1wI5x4=',NULL,0,'123333333','','','a@gmail.com',0,1,'2019-04-30 22:05:42.614036',0,0);
INSERT INTO login_user VALUES(7,'pbkdf2_sha256$150000$MNFjav7ynX2Y$CDXjYeKUmLWiulQVXTVaUuulM9wd7KL8xl46WgzlxD8=','2019-05-01 01:27:14.198792',0,'zhazha','','','zhaminglei@qq.com',0,1,'2019-04-30 22:11:36.561577',0,0);
INSERT INTO login_user VALUES(8,'pbkdf2_sha256$150000$X1SZrdbMlTWU$yZzM+H51axy4cGeD0dkZZEBT+lVGLoZxAht+PjXhDZA=','2019-04-30 23:28:03.136340',0,'zz','','','z@q.com',0,1,'2019-04-30 23:04:19.916581',0,0);
INSERT INTO login_user VALUES(9,'pbkdf2_sha256$150000$s5zhBzTnUUQG$u6CoeF4GGQqCtXSMlG7bOhQlOYZUjIb1LfrBJQmHs38=','2019-05-01 01:27:39.442147',0,'yxl1632','','','',0,1,'2019-05-01 01:17:59.663875',0,0);
INSERT INTO login_user VALUES(10,'pbkdf2_sha256$100000$Mbxd8lvO24tH$XEFa/4Zp9JdfxbbMcU2i0bYUvB/SdHsh/XurGv96SHM=',NULL,0,'yueyue','','','travis1997@126.com',0,1,'2019-05-02 23:43:18.511061',0,0);
INSERT INTO login_user VALUES(11,'pbkdf2_sha256$100000$XV5GXxDmuED9$zdagQ1URDbQgJyHBkW7yoBV7sb1w9PTMaGlEl8Ub2Z4=','2019-05-03 00:12:04.424776',0,'huahua','','','abc@126.com',0,1,'2019-05-02 23:44:32.815802',0,0);
INSERT INTO login_user VALUES(12,'pbkdf2_sha256$100000$XTwETDp8yyBX$LBygJhz/gSES1NuNDFYAXduR7qSK6DOpuH4wEKBITVU=',NULL,0,'miao','','','a@b.com',0,1,'2019-05-02 23:48:04.748074',0,0);
INSERT INTO login_user VALUES(13,'pbkdf2_sha256$100000$8hZQDlodMRRY$aIPDqQt++glSDBV7XuHsLebAnAxNZ/XIqT8nuZfC3Dc=','2019-05-03 00:30:50.250489',1,'travis1997','','','',1,1,'2019-05-03 00:29:32',0,0);
INSERT INTO login_user VALUES(14,'pbkdf2_sha256$100000$ONfQU1whAebu$Kgz4YuuMuAw2EB6OrQCaNzKPY4F0LCuK8suXjnJrKOg=','2019-05-04 21:57:50.003948',1,'fukurou','Cameron','Hochberg','clh137@case.edu',1,1,'2019-05-03 02:04:20',0,0);
INSERT INTO login_user VALUES(15,'pbkdf2_sha256$100000$mQzDlY5JWoj6$4oUa745/fwSun20Gocct7It7roBF5kwAurMsvmokp68=',NULL,0,'fukurouTeacher','','','caos2804@hotmail.com',0,1,'2019-05-03 02:11:03.415031',0,0);
INSERT INTO login_user VALUES(16,'pbkdf2_sha256$100000$MU9ru74tMZq2$4T7L4Wz4QJ4iifhK5Dy9PTLxofE46ARAGtRxC+j8jB0=','2019-05-03 02:31:02.779972',0,'fukurou1','','','cameronho@jcwj.com',0,1,'2019-05-03 02:24:10.607323',0,0);
INSERT INTO login_user VALUES(17,'pbkdf2_sha256$100000$nri4qeHwOsBb$Sz4UE91HynN+l6fVrqINGhfoC2Z+iztq0Xi2l9u5Nzw=','2019-05-03 03:34:35.667689',0,'luoman','','','luoman@gmail.com',0,1,'2019-05-03 03:34:22.158394',0,0);
INSERT INTO login_user VALUES(18,'pbkdf2_sha256$100000$j5ApshcWXYhP$TgFG0y22abI1fwaUOS7desmqFQkexbjBtEOgIfifF0c=','2019-05-03 05:32:38.377397',0,'ikea','','','ikea@gmail.com',0,1,'2019-05-03 05:32:31.073876',0,0);
INSERT INTO login_user VALUES(19,'pbkdf2_sha256$100000$X0lyxguQhfvb$0GdmSjuVB8bbtDTPml+nGO6qj4tFvo5t9pS3XsTd0lo=','2019-05-03 07:12:05.899915',0,'myname','','','myname@case.edu',0,1,'2019-05-03 07:11:55.035793',0,0);
INSERT INTO login_user VALUES(20,'pbkdf2_sha256$100000$bCptSYNOKXd5$RVHtqaFe1bQFn+ktcYOxXkX1WeuhE13BbfxSnP3Djnk=','2019-05-04 10:28:32.651500',1,'yxg352','','','yxg352@case.edu',1,1,'2019-05-04 04:50:50.019500',0,0);
INSERT INTO login_user VALUES(21,'pbkdf2_sha256$100000$nxvW7NZ0dnaA$4G/PrS8OInO0QVp08oHeZ9yjrKKnKsNth4s3qOUbles=','2019-05-04 09:56:57.904500',0,'ggyy','','','ggyy@case.edu',0,1,'2019-05-04 05:04:27.127000',0,0);
INSERT INTO login_user VALUES(22,'pbkdf2_sha256$100000$Qq6c6O2o6fZG$Cn5O9aMzsXs6DswLB1vBvmmBeAr1EDL0kERGceMDnUA=','2019-05-04 21:04:29.797185',0,'urulu','','','fukurou@gmail.com',0,1,'2019-05-04 21:04:15.711746',0,0);
INSERT INTO login_user VALUES(23,'pbkdf2_sha256$100000$7VYr9GEZawKF$hLC4/yq9gvVrSVU9lcv0TyX6H0dhMnkNzcZyM7XePRQ=',NULL,0,'test','','','cameronho@jcwj.com',0,1,'2019-05-04 21:06:55.167702',0,0);
INSERT INTO login_user VALUES(24,'pbkdf2_sha256$100000$eZMRj5svfAbE$ZpF5nOkpxxtXwm+NHJhFkHjJnNk/OmTksz3cEFAq6gY=','2019-05-04 21:43:17.580135',0,'test0','','','cameronho@jcwj.com',0,1,'2019-05-04 21:08:16.722966',0,0);
CREATE TABLE IF NOT EXISTS "login_staff" ("user_id" integer NOT NULL PRIMARY KEY REFERENCES "login_user" ("id") DEFERRABLE INITIALLY DEFERRED, "name" varchar(100) NOT NULL);
INSERT INTO login_staff VALUES(1,'GenTsuki');
INSERT INTO login_staff VALUES(3,'Melody');
INSERT INTO login_staff VALUES(20,'gyh');
CREATE TABLE IF NOT EXISTS "login_user_groups" ("id" integer NOT NULL PRIMARY KEY AUTOINCREMENT, "user_id" integer NOT NULL REFERENCES "login_user" ("id") DEFERRABLE INITIALLY DEFERRED, "group_id" integer NOT NULL REFERENCES "auth_group" ("id") DEFERRABLE INITIALLY DEFERRED);
CREATE TABLE IF NOT EXISTS "login_user_user_permissions" ("id" integer NOT NULL PRIMARY KEY AUTOINCREMENT, "user_id" integer NOT NULL REFERENCES "login_user" ("id") DEFERRABLE INITIALLY DEFERRED, "permission_id" integer NOT NULL REFERENCES "auth_permission" ("id") DEFERRABLE INITIALLY DEFERRED);
CREATE TABLE IF NOT EXISTS "django_session" ("session_key" varchar(40) NOT NULL PRIMARY KEY, "session_data" text NOT NULL, "expire_date" datetime NOT NULL);
INSERT INTO django_session VALUES('xjtzje5rliabrnb5kwkr6if2h9hk2r8v','ODRkZGU1OTUwYzc4ZjZhZmM1MTY0NTNjNWRiM2M5OGFhZTM1MmJiMzp7Il9hdXRoX3VzZXJfaWQiOiIxIiwiX2F1dGhfdXNlcl9iYWNrZW5kIjoiZGphbmdvLmNvbnRyaWIuYXV0aC5iYWNrZW5kcy5Nb2RlbEJhY2tlbmQiLCJfYXV0aF91c2VyX2hhc2giOiIwMjdjZGViYTEzYWNiYTYzNzQ1MDhhY2IxNWU4MDUzYzFlYmFhZmZhIn0=','2019-05-12 22:34:02.133514');
INSERT INTO django_session VALUES('j93o2ndhbkxpwgc1xa0asqi4zphp476v','NGViODEwZTQwOGE4YjcwZjE5YmEwMGE1MDEzODI1NjZiYTNjYTA0ZTp7Il9hdXRoX3VzZXJfaWQiOiI0IiwiX2F1dGhfdXNlcl9iYWNrZW5kIjoiZGphbmdvLmNvbnRyaWIuYXV0aC5iYWNrZW5kcy5Nb2RlbEJhY2tlbmQiLCJfYXV0aF91c2VyX2hhc2giOiI3YTc0MzJjMDhmOWRhMjVlMGRiZDFmMDg4N2YzMDcxMDVhYjA3MzgzIn0=','2019-05-13 01:49:41.901367');
INSERT INTO django_session VALUES('d7s0vhe26uv5ibvrfvyc9x5nbac09dbm','ODRkZGU1OTUwYzc4ZjZhZmM1MTY0NTNjNWRiM2M5OGFhZTM1MmJiMzp7Il9hdXRoX3VzZXJfaWQiOiIxIiwiX2F1dGhfdXNlcl9iYWNrZW5kIjoiZGphbmdvLmNvbnRyaWIuYXV0aC5iYWNrZW5kcy5Nb2RlbEJhY2tlbmQiLCJfYXV0aF91c2VyX2hhc2giOiIwMjdjZGViYTEzYWNiYTYzNzQ1MDhhY2IxNWU4MDUzYzFlYmFhZmZhIn0=','2019-05-14 06:53:31.401953');
INSERT INTO django_session VALUES('88egornrc1kkeid868osqn8u3fzcoduk','MDU0ZDM0ZmIxOWE0YWIyY2M5MWVkYTk5NzRhMmRlYTgzMzNjMDAyZTp7fQ==','2019-05-15 00:39:36.466306');
INSERT INTO django_session VALUES('afl81h7z5ozruegpnjhh26n7vgfkvssg','MDU0ZDM0ZmIxOWE0YWIyY2M5MWVkYTk5NzRhMmRlYTgzMzNjMDAyZTp7fQ==','2019-05-15 00:40:01.267085');
INSERT INTO django_session VALUES('jruf2gswa8d891eqfnztk7ucs2gqnwtd','MDU0ZDM0ZmIxOWE0YWIyY2M5MWVkYTk5NzRhMmRlYTgzMzNjMDAyZTp7fQ==','2019-05-15 00:41:02.915100');
INSERT INTO django_session VALUES('p34m536xdjp0gh4ew0gpa16p15jkoyg2','MDU0ZDM0ZmIxOWE0YWIyY2M5MWVkYTk5NzRhMmRlYTgzMzNjMDAyZTp7fQ==','2019-05-15 00:41:32.269486');
INSERT INTO django_session VALUES('pmv3707xa04ij2icg0f09j9f0adt87bp','N2IyZTQ3M2I1NTRkNjc5ZmNiNGFkYjYyYWJjZGY3ZjBiZjFiNTk2Mzp7Il9hdXRoX3VzZXJfaWQiOiI5IiwiX2F1dGhfdXNlcl9iYWNrZW5kIjoiZGphbmdvLmNvbnRyaWIuYXV0aC5iYWNrZW5kcy5Nb2RlbEJhY2tlbmQiLCJfYXV0aF91c2VyX2hhc2giOiIyMWVhMDYzZTg0MGFmZmFkZmNlMjRiMmQzZTRhMmJjMzk4MDVkYzgwIn0=','2019-05-15 01:27:39.449387');
INSERT INTO django_session VALUES('ty89dp699dalgad96491bi8pe149sr3d','ODY3NGYwMWMwNzJkZmQ5ODkyMjY3MGY0MzNlNzgyOGViNjI3OTkyYjp7Il9hdXRoX3VzZXJfaWQiOiIxIiwiX2F1dGhfdXNlcl9iYWNrZW5kIjoiZGphbmdvLmNvbnRyaWIuYXV0aC5iYWNrZW5kcy5Nb2RlbEJhY2tlbmQiLCJfYXV0aF91c2VyX2hhc2giOiI1YTI3OTU1ZTVhNTkxM2MwZGU3NjI4MWE1MDVjOTdhNTA0ZjAyOGJlIn0=','2019-05-17 00:12:15.534493');
INSERT INTO django_session VALUES('cyzfo7g1d5ogzlesfc9xndi9b56bicyc','MmY5NmQ3OTNmYWI4OWExODhjZTc5MzE5MWQ4YWZhZGYwN2EzNjliMDp7Il9hdXRoX3VzZXJfaWQiOiIxMyIsIl9hdXRoX3VzZXJfYmFja2VuZCI6ImRqYW5nby5jb250cmliLmF1dGguYmFja2VuZHMuTW9kZWxCYWNrZW5kIiwiX2F1dGhfdXNlcl9oYXNoIjoiOTA2YTlkNzEzMmU2ODQ1NjgzOWU1YTZkOGM2NjM1MTcwNDE4YzM0YyJ9','2019-05-17 00:30:50.252947');
INSERT INTO django_session VALUES('jgfxk109s3cog74xgnx5q2cj7sw36jwg','MDRlZDQ4NDNkZTZmZmRkMmMyNmQyOGRkOWM1ZjFiMzhhZDZmMzQ0MTp7Il9hdXRoX3VzZXJfaWQiOiIxNiIsIl9hdXRoX3VzZXJfYmFja2VuZCI6ImRqYW5nby5jb250cmliLmF1dGguYmFja2VuZHMuTW9kZWxCYWNrZW5kIiwiX2F1dGhfdXNlcl9oYXNoIjoiYTNkZDQ3MjIwNjM4N2Y1YTJiNGJiYmJhNGMxN2NjNTg0ZWQ4ODMzNCJ9','2019-05-17 02:31:02.793947');
INSERT INTO django_session VALUES('feptjv5j3bzgvk4yvn8wt6aeqpm51g51','ODY3NGYwMWMwNzJkZmQ5ODkyMjY3MGY0MzNlNzgyOGViNjI3OTkyYjp7Il9hdXRoX3VzZXJfaWQiOiIxIiwiX2F1dGhfdXNlcl9iYWNrZW5kIjoiZGphbmdvLmNvbnRyaWIuYXV0aC5iYWNrZW5kcy5Nb2RlbEJhY2tlbmQiLCJfYXV0aF91c2VyX2hhc2giOiI1YTI3OTU1ZTVhNTkxM2MwZGU3NjI4MWE1MDVjOTdhNTA0ZjAyOGJlIn0=','2019-05-17 07:13:00.317707');
INSERT INTO django_session VALUES('5zrtf6onvrzrgbs0k9wh2uag2749s67r','YThkYmM3MTRiNTc0ZjM0ZjZhOTczMzlhMWM2NTUwOWQyNGVkNjM1Zjp7Il9hdXRoX3VzZXJfaWQiOiIyMCIsIl9hdXRoX3VzZXJfYmFja2VuZCI6ImRqYW5nby5jb250cmliLmF1dGguYmFja2VuZHMuTW9kZWxCYWNrZW5kIiwiX2F1dGhfdXNlcl9oYXNoIjoiMTEzMzM3YjBjZjAzNzU0ZjFiNGE0YjUwZmY4Y2UxMWNhYjdmZjE0ZiJ9','2019-05-18 10:28:32.663500');
INSERT INTO django_session VALUES('umeys3h2077j1etzqaowh8rm6vz5cqhu','ODY3NGYwMWMwNzJkZmQ5ODkyMjY3MGY0MzNlNzgyOGViNjI3OTkyYjp7Il9hdXRoX3VzZXJfaWQiOiIxIiwiX2F1dGhfdXNlcl9iYWNrZW5kIjoiZGphbmdvLmNvbnRyaWIuYXV0aC5iYWNrZW5kcy5Nb2RlbEJhY2tlbmQiLCJfYXV0aF91c2VyX2hhc2giOiI1YTI3OTU1ZTVhNTkxM2MwZGU3NjI4MWE1MDVjOTdhNTA0ZjAyOGJlIn0=','2019-05-18 19:29:39.919934');
INSERT INTO django_session VALUES('ktn2wkp1vowmmmnimtbqjtpl76kln3xm','ODY3NGYwMWMwNzJkZmQ5ODkyMjY3MGY0MzNlNzgyOGViNjI3OTkyYjp7Il9hdXRoX3VzZXJfaWQiOiIxIiwiX2F1dGhfdXNlcl9iYWNrZW5kIjoiZGphbmdvLmNvbnRyaWIuYXV0aC5iYWNrZW5kcy5Nb2RlbEJhY2tlbmQiLCJfYXV0aF91c2VyX2hhc2giOiI1YTI3OTU1ZTVhNTkxM2MwZGU3NjI4MWE1MDVjOTdhNTA0ZjAyOGJlIn0=','2019-05-18 20:40:40.320718');
INSERT INTO django_session VALUES('5lqoapyv7kxmixq7kowichnmx2hbvfcw','MDU0ZDM0ZmIxOWE0YWIyY2M5MWVkYTk5NzRhMmRlYTgzMzNjMDAyZTp7fQ==','2019-05-18 21:19:48.946212');
CREATE TABLE IF NOT EXISTS "login_level" ("id" integer NOT NULL PRIMARY KEY AUTOINCREMENT, "level_status" varchar(1) NOT NULL UNIQUE, "price" integer NOT NULL);
CREATE TABLE IF NOT EXISTS "polls_question" ("id" integer NOT NULL PRIMARY KEY AUTOINCREMENT, "question_text" varchar(200) NOT NULL, "pub_date" datetime NOT NULL);
CREATE TABLE IF NOT EXISTS "polls_test" ("id" integer NOT NULL PRIMARY KEY AUTOINCREMENT, "text" varchar(200) NOT NULL);
CREATE TABLE IF NOT EXISTS "polls_choice" ("id" integer NOT NULL PRIMARY KEY AUTOINCREMENT, "choice_text" varchar(200) NOT NULL, "votes" integer NOT NULL, "question_id" integer NOT NULL REFERENCES "polls_question" ("id") DEFERRABLE INITIALLY DEFERRED);
CREATE TABLE IF NOT EXISTS "login_memberlevel" ("level_status" varchar(1) NOT NULL PRIMARY KEY, "price" real NOT NULL);
INSERT INTO login_memberlevel VALUES('B',9.9900000000000002131);
INSERT INTO login_memberlevel VALUES('S',16.989999999999998436);
INSERT INTO login_memberlevel VALUES('G',21.989999999999998436);
INSERT INTO login_memberlevel VALUES('P',29.989999999999998436);
INSERT INTO login_memberlevel VALUES('D',49.99000000000000199);
CREATE TABLE IF NOT EXISTS "auth_group" ("id" integer NOT NULL PRIMARY KEY AUTOINCREMENT, "name" varchar(150) NOT NULL UNIQUE);
CREATE TABLE IF NOT EXISTS "django_admin_log" ("id" integer NOT NULL PRIMARY KEY AUTOINCREMENT, "action_time" datetime NOT NULL, "object_id" text NULL, "object_repr" varchar(200) NOT NULL, "change_message" text NOT NULL, "content_type_id" integer NULL REFERENCES "django_content_type" ("id") DEFERRABLE INITIALLY DEFERRED, "user_id" integer NOT NULL REFERENCES "login_user" ("id") DEFERRABLE INITIALLY DEFERRED, "action_flag" smallint unsigned NOT NULL);
INSERT INTO django_admin_log VALUES(1,'2019-04-28 23:09:16.438053','3','Staff object (3)','[{"added": {}}]',8,1,1);
INSERT INTO django_admin_log VALUES(2,'2019-04-28 23:09:21.320296','1','Class object (1)','[{"added": {}}]',5,1,1);
INSERT INTO django_admin_log VALUES(3,'2019-04-28 23:09:30.915658','1','Member object (1)','[{"changed": {"fields": ["user", "classes", "name", "email", "phone_number"]}}]',7,1,2);
INSERT INTO django_admin_log VALUES(4,'2019-04-28 23:16:24.731137','1','Member object (1)','[{"changed": {"fields": ["name"]}}]',7,1,2);
INSERT INTO django_admin_log VALUES(5,'2019-04-28 23:16:26.127646','1','Member object (1)','[]',7,1,2);
INSERT INTO django_admin_log VALUES(6,'2019-04-29 00:27:47.244029','1','Class object (1)','[{"changed": {"fields": ["name"]}}]',5,1,2);
INSERT INTO django_admin_log VALUES(7,'2019-04-29 00:28:13.729388','B','MemberLevel object (B)','[{"changed": {"fields": ["price"]}}]',15,1,2);
INSERT INTO django_admin_log VALUES(8,'2019-04-29 00:32:02.339927','B','MemberLevel object (B)','[{"changed": {"fields": ["price"]}}]',15,1,2);
INSERT INTO django_admin_log VALUES(9,'2019-04-29 00:32:21.715944','S','MemberLevel object (S)','[{"added": {}}]',15,1,1);
INSERT INTO django_admin_log VALUES(10,'2019-04-29 00:32:38.098215','G','MemberLevel object (G)','[{"added": {}}]',15,1,1);
INSERT INTO django_admin_log VALUES(11,'2019-04-29 00:32:51.501862','P','MemberLevel object (P)','[{"added": {}}]',15,1,1);
INSERT INTO django_admin_log VALUES(12,'2019-04-29 00:33:08.608416','D','MemberLevel object (D)','[{"added": {}}]',15,1,1);
INSERT INTO django_admin_log VALUES(13,'2019-04-29 00:34:05.876602','2','','',4,1,3);
INSERT INTO django_admin_log VALUES(14,'2019-04-29 00:34:23.735610','1','Member object (1)','[{"changed": {"fields": ["level"]}}]',7,1,2);
INSERT INTO django_admin_log VALUES(15,'2019-04-29 00:38:59.194075','1','Member object (1)','[{"changed": {"fields": ["funds"]}}]',7,1,2);
INSERT INTO django_admin_log VALUES(16,'2019-04-29 01:50:10.859348','2','Class object (2)','[{"added": {}}]',5,4,1);
INSERT INTO django_admin_log VALUES(17,'2019-04-29 01:50:45.425683','3','Member object (3)','[{"changed": {"fields": ["classes", "name", "email", "phone_number"]}}]',7,4,2);
INSERT INTO django_admin_log VALUES(18,'2019-04-29 01:50:52.510966','3','Member object (3)','[]',7,4,2);
INSERT INTO django_admin_log VALUES(19,'2019-04-29 01:51:01.848825','3','Member object (3)','[{"changed": {"fields": ["classes"]}}]',7,4,2);
INSERT INTO django_admin_log VALUES(20,'2019-04-29 01:51:06.250083','3','Member object (3)','[]',7,4,2);
INSERT INTO django_admin_log VALUES(21,'2019-04-29 01:52:13.858824','3','Member object (3)','[{"changed": {"fields": ["name"]}}]',7,4,2);
INSERT INTO django_admin_log VALUES(22,'2019-04-29 05:24:54.709004','1','Member object (1)','[]',7,1,2);
INSERT INTO django_admin_log VALUES(23,'2019-04-29 06:32:06.709100','2','Class object (2)','[{"changed": {"fields": ["time_start", "time_end"]}}]',5,1,2);
INSERT INTO django_admin_log VALUES(24,'2019-04-30 00:27:33.638065','3','Member object (3)','[{"changed": {"fields": ["classes"]}}]',7,1,2);
INSERT INTO django_admin_log VALUES(25,'2019-04-30 00:27:35.961960','3','Member object (3)','[]',7,1,2);
INSERT INTO django_admin_log VALUES(26,'2019-04-30 00:38:39.135733','5','luojh2014','[{"added": {}}]',4,1,1);
INSERT INTO django_admin_log VALUES(27,'2019-04-30 00:39:25.347833','5','Member object (5)','[{"added": {}}]',7,1,1);
INSERT INTO django_admin_log VALUES(28,'2019-04-30 00:40:52.364526','3','Class object (3)','[{"added": {}}]',5,1,1);
INSERT INTO django_admin_log VALUES(29,'2019-04-30 04:38:16.424656','3','Member object (3)','[{"changed": {"fields": ["classes", "phone_number"]}}]',7,1,2);
INSERT INTO django_admin_log VALUES(30,'2019-04-30 04:46:50.254584','3','Member object (3)','[{"changed": {"fields": ["classes"]}}]',7,1,2);
INSERT INTO django_admin_log VALUES(31,'2019-04-30 04:47:02.597640','3','Member object (3)','[{"changed": {"fields": ["classes"]}}]',7,1,2);
INSERT INTO django_admin_log VALUES(32,'2019-04-30 06:25:02.183321','3','Member object (3)','[{"changed": {"fields": ["classes"]}}]',7,1,2);
INSERT INTO django_admin_log VALUES(33,'2019-04-30 06:26:33.372997','3','Member object (3)','[{"changed": {"fields": ["classes"]}}]',7,1,2);
INSERT INTO django_admin_log VALUES(34,'2019-04-30 06:53:39.110105','3','Member object (3)','[{"changed": {"fields": ["classes"]}}]',7,1,2);
INSERT INTO django_admin_log VALUES(35,'2019-04-30 06:54:52.942209','3','Member object (3)','[{"changed": {"fields": ["classes"]}}]',7,1,2);
INSERT INTO django_admin_log VALUES(36,'2019-04-30 07:36:47.095616','3','Member object (3)','[{"changed": {"fields": ["phone_number"]}}]',7,1,2);
INSERT INTO django_admin_log VALUES(37,'2019-04-30 08:44:13.523908','3','Member object (3)','[{"changed": {"fields": ["classes"]}}]',7,1,2);
INSERT INTO django_admin_log VALUES(38,'2019-04-30 08:56:29.594015','3','Member object (3)','[{"changed": {"fields": ["classes"]}}]',7,1,2);
INSERT INTO django_admin_log VALUES(39,'2019-04-30 09:02:29.621236','3','Member object (3)','[{"changed": {"fields": ["classes"]}}]',7,1,2);
INSERT INTO django_admin_log VALUES(40,'2019-04-30 18:49:12.894166','4','Class object (4)','[{"added": {}}]',5,4,1);
INSERT INTO django_admin_log VALUES(41,'2019-05-01 01:17:59.886974','9','yxl1632','[{"added": {}}]',4,4,1);
INSERT INTO django_admin_log VALUES(42,'2019-05-01 01:18:32.881451','9','Member object (9)','[{"added": {}}]',7,4,1);
INSERT INTO django_admin_log VALUES(43,'2019-05-01 01:27:00.653830','7','Member object (7)','[{"added": {}}]',7,1,1);
INSERT INTO django_admin_log VALUES(44,'2019-05-03 00:19:17.537453','7','Member object (7)','[{"changed": {"fields": ["level"]}}]',7,1,2);
INSERT INTO django_admin_log VALUES(45,'2019-05-03 00:29:32.901091','13','travis1997','[{"added": {}}]',4,1,1);
INSERT INTO django_admin_log VALUES(46,'2019-05-03 00:29:47.850691','13','travis1997','[{"changed": {"fields": ["is_staff", "is_superuser"]}}]',4,1,2);
INSERT INTO django_admin_log VALUES(47,'2019-05-03 00:30:35.454646','13','Member object (13)','[{"added": {}}]',7,1,1);
INSERT INTO django_admin_log VALUES(48,'2019-05-03 04:40:58.774020','14','fukurou','[{"changed": {"fields": ["first_name", "last_name", "email"]}}]',4,1,2);
INSERT INTO django_admin_log VALUES(49,'2019-05-03 05:02:13.823645','14','fukurou','[]',4,1,2);
INSERT INTO django_admin_log VALUES(50,'2019-05-03 06:24:38.180902','14','Cameron Hochberg','[{"changed": {"fields": ["classes"]}}]',7,1,2);
INSERT INTO django_admin_log VALUES(51,'2019-05-03 06:41:56.748204','1','GenTsuki','[{"added": {}}]',8,1,1);
INSERT INTO django_admin_log VALUES(52,'2019-05-03 07:14:55.116456','5','Cardio Fitness','[{"added": {}}]',5,1,1);
INSERT INTO django_admin_log VALUES(53,'2019-05-03 07:15:26.823273','6','Cardio Games','[{"added": {}}]',5,1,1);
INSERT INTO django_admin_log VALUES(54,'2019-05-04 05:08:01.985500','20','gyh','[{"added": {}}]',7,20,1);
INSERT INTO django_admin_log VALUES(55,'2019-05-04 10:32:49.205500','20','gyh','[{"added": {}}]',8,20,1);
CREATE TABLE IF NOT EXISTS "login_member_classes" ("id" integer NOT NULL PRIMARY KEY AUTOINCREMENT, "member_id" integer NOT NULL REFERENCES "login_member" ("user_id") DEFERRABLE INITIALLY DEFERRED, "class_id" integer NOT NULL REFERENCES "login_class" ("id") DEFERRABLE INITIALLY DEFERRED);
INSERT INTO login_member_classes VALUES(5,5,1);
INSERT INTO login_member_classes VALUES(18,3,1);
INSERT INTO login_member_classes VALUES(22,3,2);
INSERT INTO login_member_classes VALUES(23,3,3);
INSERT INTO login_member_classes VALUES(24,3,4);
INSERT INTO login_member_classes VALUES(25,9,1);
INSERT INTO login_member_classes VALUES(26,9,2);
INSERT INTO login_member_classes VALUES(27,9,3);
INSERT INTO login_member_classes VALUES(28,7,1);
INSERT INTO login_member_classes VALUES(29,13,1);
INSERT INTO login_member_classes VALUES(33,18,1);
INSERT INTO login_member_classes VALUES(34,18,2);
INSERT INTO login_member_classes VALUES(35,18,3);
INSERT INTO login_member_classes VALUES(36,18,4);
INSERT INTO login_member_classes VALUES(37,14,1);
INSERT INTO login_member_classes VALUES(38,14,2);
INSERT INTO login_member_classes VALUES(50,20,3);
INSERT INTO login_member_classes VALUES(51,20,4);
INSERT INTO login_member_classes VALUES(52,1,6);
INSERT INTO login_member_classes VALUES(53,1,5);
CREATE TABLE IF NOT EXISTS "login_class" ("id" integer NOT NULL PRIMARY KEY AUTOINCREMENT, "name" varchar(50) NOT NULL, "location" varchar(50) NOT NULL, "time_day" varchar(3) NOT NULL, "time_start" time NOT NULL, "time_end" time NOT NULL, "staff_id" integer NOT NULL REFERENCES "login_staff" ("user_id") DEFERRABLE INITIALLY DEFERRED, "description" varchar(1000) NULL);
INSERT INTO login_class VALUES(1,'Swimming','Veale','WED','15:30:00','16:30:00',3,NULL);
INSERT INTO login_class VALUES(2,'Yoga','Veale 306','WED','11:30:00','12:30:00',3,NULL);
INSERT INTO login_class VALUES(3,'Tennis','Veale','SAT','18:00:00','19:00:00',3,NULL);
INSERT INTO login_class VALUES(4,'Fencing','Veale 341','TUE','08:30:00','09:30:00',3,NULL);
INSERT INTO login_class VALUES(5,'Cardio Fitness','Veale 201','TUE','10:30:00','11:30:00',1,NULL);
INSERT INTO login_class VALUES(6,'Cardio Games','Veale 301','FRI','11:30:00','12:30:00',1,NULL);
CREATE TABLE IF NOT EXISTS "login_member" ("user_id" integer NOT NULL PRIMARY KEY REFERENCES "login_user" ("id") DEFERRABLE INITIALLY DEFERRED, "funds" real NOT NULL, "expired_date" date NOT NULL, "name" varchar(100) NOT NULL, "email" varchar(254) NOT NULL, "level_id" varchar(1) NOT NULL REFERENCES "login_memberlevel" ("level_status") DEFERRABLE INITIALLY DEFERRED, "phone_number" varchar(17) NULL);
INSERT INTO login_member VALUES(1,50.0,'2019-05-29','GenTsuki','gentsk77@gmail.com','P','2165712111');
INSERT INTO login_member VALUES(3,0.0,'2019-05-29','Melody','gentsk77@gmail.com','G','2165564784');
INSERT INTO login_member VALUES(5,39.0,'2019-05-30','Huahua Luo','luojh2014@gmail.com','S','');
INSERT INTO login_member VALUES(7,519.99999999999999998,'2019-05-31','Minglei','zhaminglei@qq.com','P','');
INSERT INTO login_member VALUES(9,9236.9999999999999997,'2019-05-31','Melody Li','yxl1632@case.edu','D','2164561965');
INSERT INTO login_member VALUES(13,120.0,'2019-06-02','Travis','travis1997@126.com','G','13636468012');
INSERT INTO login_member VALUES(14,0.0,'2019-06-02','Cameron Hochberg','clh137@case.edu','B','1010101010');
INSERT INTO login_member VALUES(18,0.0,'2019-06-02',' ','ikea@gmail.com','B','1010101010');
INSERT INTO login_member VALUES(19,0.0,'2019-06-02',' ','myname@case.edu','B','1010101010');
INSERT INTO login_member VALUES(20,1000000.0,'2019-06-03','gyh','kljlj@case.edu','D','1111111111');
INSERT INTO login_member VALUES(21,0.0,'2019-06-03',' ','ggyy@case.edu','B','1010101010');
INSERT INTO login_member VALUES(22,0.0,'2019-06-03',' ','fukurou@gmail.com','B','1010101010');
INSERT INTO login_member VALUES(24,0.0,'2019-06-03',' ','cameronho@jcwj.com','B',NULL);
DELETE FROM sqlite_sequence;
INSERT INTO sqlite_sequence VALUES('django_migrations',34);
INSERT INTO sqlite_sequence VALUES('django_content_type',18);
INSERT INTO sqlite_sequence VALUES('auth_permission',68);
INSERT INTO sqlite_sequence VALUES('polls_choice',0);
INSERT INTO sqlite_sequence VALUES('login_user',24);
INSERT INTO sqlite_sequence VALUES('auth_group',0);
INSERT INTO sqlite_sequence VALUES('django_admin_log',55);
INSERT INTO sqlite_sequence VALUES('login_member_classes',56);
INSERT INTO sqlite_sequence VALUES('login_class',6);
CREATE UNIQUE INDEX "django_content_type_app_label_model_76bd3d3b_uniq" ON "django_content_type" ("app_label", "model");
CREATE UNIQUE INDEX "auth_group_permissions_group_id_permission_id_0cd325b0_uniq" ON "auth_group_permissions" ("group_id", "permission_id");
CREATE INDEX "auth_group_permissions_group_id_b120cbf9" ON "auth_group_permissions" ("group_id");
CREATE INDEX "auth_group_permissions_permission_id_84c5c92e" ON "auth_group_permissions" ("permission_id");
CREATE UNIQUE INDEX "auth_permission_content_type_id_codename_01ab375a_uniq" ON "auth_permission" ("content_type_id", "codename");
CREATE INDEX "auth_permission_content_type_id_2f476e4b" ON "auth_permission" ("content_type_id");
CREATE UNIQUE INDEX "login_user_groups_user_id_group_id_e039d177_uniq" ON "login_user_groups" ("user_id", "group_id");
CREATE INDEX "login_user_groups_user_id_f6fabf84" ON "login_user_groups" ("user_id");
CREATE INDEX "login_user_groups_group_id_a8810f0d" ON "login_user_groups" ("group_id");
CREATE UNIQUE INDEX "login_user_user_permissions_user_id_permission_id_a985464b_uniq" ON "login_user_user_permissions" ("user_id", "permission_id");
CREATE INDEX "login_user_user_permissions_user_id_2a4ce843" ON "login_user_user_permissions" ("user_id");
CREATE INDEX "login_user_user_permissions_permission_id_08d04f9c" ON "login_user_user_permissions" ("permission_id");
CREATE INDEX "django_session_expire_date_a5c62663" ON "django_session" ("expire_date");
CREATE INDEX "polls_choice_question_id_c5b4b260" ON "polls_choice" ("question_id");
CREATE INDEX "django_admin_log_content_type_id_c4bce8eb" ON "django_admin_log" ("content_type_id");
CREATE INDEX "django_admin_log_user_id_c564eba6" ON "django_admin_log" ("user_id");
CREATE UNIQUE INDEX login_member_classes_member_id_class_id_0d896dd2_uniq ON "login_member_classes" ("member_id", "class_id");
CREATE INDEX "login_member_classes_member_id_b5a08431" ON "login_member_classes" ("member_id");
CREATE INDEX "login_member_classes_class_id_6f99f47d" ON "login_member_classes" ("class_id");
CREATE INDEX "login_class_staff_id_3d7305e4" ON "login_class" ("staff_id");
CREATE INDEX "login_member_level_id_d661108c" ON "login_member" ("level_id");
COMMIT;
